"Minute","Oxygen","PAR","Photosynthesis","Biological Oxygen Demand","Food Amount","Nutrients","Augmentation Value"
1,0.201338570184857,0.2,0.201338570184857,0,0,0,1.00669285092428
2,0.201338570184857,0.2,0.201338570184857,0,0,0,1.00669285092428
3,0.201338570184857,0.2,0.201338570184857,0,0,0,1.00669285092428
4,0.201338570184857,0.2,0.201338570184857,0,0,0,1.00669285092428
5,0.201338570184857,0.2,0.201338570184857,0,0,0,1.00669285092428
6,0.201338570184857,0.2,0.201338570184857,0,0,0,1.00669285092428
7,0.201338570184857,0.2,0.201338570184857,0,0,0,1.00669285092428
